Player,Team,Span Started,Span Ended,WPA,IP,W,L,GS,W-L%,ERA,H,HR,BB,SO,BF,BR,GmSc,RE24,aLI,Player-additional
Mark Fidrych,DET,4/20/76,8/17/76,3.4,168.2,14,4,19,0.778,1.97,139,9,34,74,660,184,66,34.14,1.17,fidryma01
Paul Skenes,PIT,5/11/24,9/16/24,3.3,126,10,3,21,0.769,2.07,92,10,32,158,490,132,63,33.92,0.96,skenepa01
Hideo Nomo,LAD,5/2/95,8/25/95,3.2,153,10,5,22,0.667,2.59,97,14,63,194,626,176,65,24.69,1.04,nomohi01
Rolando Arrojo,TBD,4/1/98,7/22/98,2.8,140.2,11,6,21,0.647,3.07,127,12,36,108,577,179,58,29.45,0.95,arrojro01
Brandon Webb,ARI,4/22/03,8/14/03,2.8,133.2,7,6,20,0.538,2.56,106,10,43,127,547,164,61,35.8,1,webbbr01
Dave Rozema,DET,4/11/77,8/4/77,2.5,161,11,4,21,0.733,2.74,160,15,24,69,653,200,57,25.14,0.9,rozemda01
Dontrelle Willis,FLA,5/9/03,8/28/03,2.5,123.1,11,5,21,0.688,3.43,116,9,43,109,512,163,55,15.36,1.04,willido03
Jim Wright,BOS,4/15/78,9/3/78,2.4,112.1,8,2,14,0.8,3.12,111,7,24,55,458,147,57,17.09,0.95,wrighji02
Orlando Hernández,NYY,6/3/98,9/25/98,2.3,141,12,4,21,0.75,3.13,113,11,52,131,574,173,59,23.63,0.96,hernaor01
Mike Dunne,PIT,6/5/87,9/22/87,2.3,151.2,12,5,21,0.706,2.79,130,10,61,65,629,205,56,19.58,1,dunnemi01
Tommy Hanson,ATL,6/7/09,10/1/09,2.3,127.2,11,4,21,0.733,2.89,105,10,46,116,522,161,58,20.6,1.03,hansoto01
Tanner Bibee,CLE,4/26/23,8/25/23,2.2,119.2,10,3,21,0.769,3.01,107,13,37,117,496,152,56,18.32,1.01,bibeeta01
Bill Laskey,SFG,4/23/82,8/5/82,2.2,133.2,10,8,20,0.556,2.56,120,8,31,66,541,157,57,20.9,1.01,laskebi01
José Fernández,MIA,4/7/13,8/2/13,2.2,127.2,8,5,21,0.615,2.54,86,8,43,138,506,137,62,19.65,0.97,fernajo02
Matt Morris,STL,4/4/97,7/26/97,2.1,133,8,6,21,0.571,2.64,123,8,42,98,544,174,57,19.45,1.05,morrima01
Tim Hudson,OAK,6/8/99,9/28/99,2,136.1,11,2,21,0.846,3.23,121,8,62,132,580,192,56,22.69,0.95,hudsoti01
Rich Gale,KCR,4/30/78,8/6/78,2,142.2,13,3,21,0.813,2.59,120,7,70,67,597,202,56,19.78,1.02,galeri01
Matt Young,SEA,4/6/83,7/26/83,2,141,8,11,21,0.421,3,117,11,56,91,582,185,56,19.88,1.05,youngma01
Dwight Gooden,NYM,4/7/84,8/1/84,2,138,9,7,21,0.563,3.2,111,4,58,165,581,178,59,7.93,1.12,goodedw01
Kerry Wood,CHC,4/12/98,8/5/98,1.9,134.2,11,6,21,0.647,3.34,95,10,73,185,567,182,60,19.54,1.03,woodke02
Steve Sparks,MIL,4/28/95,8/5/95,1.8,130.1,7,5,16,0.583,3.8,114,10,59,61,544,180,52,23.08,0.87,sparkst01
Bruce Ruffin,PHI,6/28/86,10/5/86,1.8,146.1,9,4,21,0.692,2.46,138,6,44,70,600,191,56,16.98,1,ruffibr01
Shota Imanaga,CHC,4/1/24,8/6/24,1.8,123.1,9,2,21,0.818,3.06,112,17,18,128,499,138,57,14.75,1.05,imanash01
Daisuke Matsuzaka,BOS,4/5/07,7/24/07,1.7,137.2,12,7,21,0.632,3.79,125,14,49,136,579,185,56,19.01,1.08,matsuda01
Kodai Senga,NYM,4/2/23,8/7/23,1.7,116.2,8,6,21,0.571,3.24,95,11,57,142,500,162,56,14.25,1.01,sengako01
Juan Guzmán,TOR,6/7/91,9/27/91,1.5,128.2,9,2,21,0.818,3.08,90,6,64,115,536,164,57,16.4,1.08,guzmaju01
Jacob deGrom,NYM,5/15/14,9/15/14,1.5,134.1,8,6,21,0.571,2.75,114,7,40,134,541,158,59,13.93,1.07,degroja01
Dereck Rodríguez,SFG,5/29/18,9/29/18,1.5,118.1,6,4,19,0.6,2.81,98,9,36,89,487,146,56,12.72,0.98,rodride01
Michael Fulmer,DET,4/29/16,8/27/16,1.4,130.2,10,5,21,0.667,2.69,105,13,34,108,525,151,58,21.47,0.96,fulmemi01
Carlos Pérez,MON,4/27/95,8/6/95,1.4,105,10,3,16,0.769,3.26,107,9,19,70,434,135,54,15.41,0.9,perezca01
Hyun Jin Ryu,LAD,4/2/13,8/2/13,1.4,134.1,10,3,21,0.769,3.15,129,11,42,111,557,176,55,14.17,1,ryuhy01
Bryce Miller,SEA,5/2/23,9/5/23,1.4,112.2,8,4,21,0.667,3.83,99,14,22,102,454,130,54,9.44,0.98,millebr04
Jose Quintana,CHW,2012-05-07 (1),9/10/12,1.4,122.2,6,4,19,0.6,3.52,123,12,32,72,499,159,52,10.44,1.08,quintjo01
Don August,MIL,6/2/88,9/16/88,1.3,132.1,11,6,19,0.647,2.99,116,11,42,60,542,167,55,17.31,0.9,augusdo01
Ricky Romero,TOR,4/9/09,8/23/09,1.3,131.1,11,5,21,0.688,3.91,134,16,52,99,556,194,52,12.42,1.01,romerri01
Jerome Williams,SFG,4/26/03,2003-09-27 (1),1.3,131,7,5,21,0.583,3.3,116,10,49,88,545,176,54,17.69,1.03,willije01
John Henry Johnson,OAK,4/10/78,7/17/78,1.2,122.2,7,5,18,0.583,2.57,101,9,53,59,507,159,56,16.22,0.97,johnsjo04
Kenta Maeda,LAD,4/6/16,7/29/16,1.2,120,9,7,21,0.563,3.23,98,12,32,120,481,136,57,13.67,0.97,maedake01
Craig McMurtry,ATL,4/10/83,7/18/83,1.2,127.2,10,5,20,0.667,3.17,114,8,44,62,530,170,54,10.4,1.02,mcmurcr01
Rick Aguilera,NYM,6/12/85,10/3/85,1.1,122.1,10,7,19,0.588,3.24,118,8,37,74,507,160,53,3.1,0.98,aguilri01
Brett Tomko,CIN,5/27/97,9/20/97,1.1,118.1,11,7,18,0.611,3.5,102,13,44,88,489,152,55,13.85,1,tomkobr01
Eric King,DET,5/15/86,8/22/86,1.1,113.2,9,3,14,0.75,3.48,87,7,52,65,473,150,53,14.47,1.02,kinger01
Andrew Abbott,CIN,6/5/23,9/27/23,1.1,109.1,8,6,21,0.571,3.87,100,16,44,120,459,146,53,9.2,0.91,abbotan01
Jaime Barria,LAA,4/11/18,8/31/18,1.1,106.2,9,8,21,0.529,3.46,102,15,30,81,441,138,52,12.17,0.89,barrija01
Bobby Miller,LAD,5/23/23,2023-09-26 (2),1.1,120.1,11,4,21,0.733,3.89,104,12,31,115,491,143,54,11.64,0.96,millebo06
Andy Pettitte,NYY,4/29/95,8/11/95,1.1,108.2,6,6,16,0.5,3.81,120,8,41,68,472,166,50,11.44,0.95,pettian01
Michael Pineda,SEA,4/5/11,7/30/11,1,130,9,7,21,0.563,3.53,97,12,43,133,526,149,58,11.18,0.98,pinedmi01
Zach Plesac,CLE,5/28/19,9/27/19,1,115.2,8,6,21,0.571,3.81,102,19,40,88,475,148,53,13.92,0.9,plesaza01
Joaquín Andújar,HOU,4/8/76,8/7/76,1,119.1,6,8,18,0.429,3.77,115,5,55,40,506,172,51,-2,1.2,andujjo01
John Stuper,STL,6/1/82,9/24/82,0.9,130.2,9,6,20,0.6,3.17,129,8,52,51,552,185,52,9.11,1.11,stupejo01
Greg Mathews,STL,6/3/86,9/18/86,0.9,134.1,10,7,20,0.588,3.55,125,13,40,64,543,171,53,8.88,1,mathegr01
Juan Nieves,MIL,4/10/86,7/22/86,0.9,127.2,9,4,21,0.692,4.02,134,7,60,79,560,205,49,0.35,1.12,nieveju01
J.P. France,HOU,5/6/23,9/4/23,0.9,121,10,5,20,0.667,3.72,122,18,37,91,513,164,52,8.52,0.95,francjp01
Adam Eaton,SDP,5/30/00,9/26/00,0.9,129,6,4,21,0.6,4.33,131,14,59,88,560,195,50,7.64,0.98,eatonad01
Jason Simontacchi,STL,5/4/02,9/8/02,0.9,123.2,10,5,21,0.667,4.15,117,17,46,62,518,171,50,1.1,0.98,simonja01
CC Sabathia,CLE,4/8/01,2001-07-28 (1),0.9,112,10,3,21,0.769,4.18,93,8,62,98,480,164,51,5.79,1,sabatc.01
Zack Greinke,KCR,5/22/04,9/14/04,0.9,126.1,8,10,21,0.444,4.2,124,25,23,85,522,158,52,10.72,0.86,greinza01
Cole Hamels,PHI,5/12/06,9/16/06,0.8,119.2,8,8,21,0.5,4.21,104,18,44,128,503,157,54,4.14,0.82,hamelco01
Tim Lincecum,SFG,5/6/07,8/26/07,0.8,130.1,7,4,21,0.636,3.94,103,12,55,137,541,163,56,10.09,0.99,linceti01
Jason Bere,CHW,5/27/93,9/14/93,0.8,123,9,5,21,0.643,3.8,93,11,73,110,526,176,54,10.82,0.95,bereja01
Tobias Myers,MIL,4/23/24,8/27/24,0.8,108.1,6,5,20,0.545,2.99,94,15,28,94,440,131,55,15.17,0.94,myersto01
Chris Paddack,SDP,3/31/19,8/16/19,0.8,115,7,6,21,0.538,3.44,87,20,26,121,466,128,56,8.14,0.93,paddach01
Bob Tewksbury,NYY,4/11/86,9/22/86,0.8,114,7,5,18,0.583,3.63,132,7,28,43,493,170,49,5.87,1.04,tewksbo01
Eduardo Rodríguez,BOS,5/28/15,9/28/15,0.8,121.2,10,6,21,0.625,3.85,120,13,37,98,522,168,52,6.54,0.95,rodried05
Ryan Rupe,TBD,5/5/99,8/31/99,0.8,125.2,8,7,21,0.533,4.51,122,16,52,84,548,194,49,0.74,1,rupery01
Horacio Ramírez,ATL,4/2/03,8/10/03,0.8,130,8,4,21,0.667,4.15,130,16,56,76,561,200,49,3.79,1.03,ramirho01
Shane McClanahan,TBR,4/29/21,9/2/21,0.8,105.1,9,5,21,0.643,3.76,106,12,33,125,446,146,53,8.94,1,mcclash01
Kyle Freeland,COL,4/7/17,2017-07-30 (1),0.7,121.1,11,7,20,0.611,3.71,124,15,44,76,525,180,50,11.32,0.93,freelky01
Lance McCullers Jr.,HOU,5/18/15,9/28/15,0.7,120.2,6,7,21,0.462,3.21,100,9,41,123,496,151,57,9.82,1.02,mcculla02
Mark Thurmond,SDP,5/14/83,9/28/83,0.7,115.1,7,3,18,0.7,2.65,104,7,33,49,466,145,55,12.01,1.04,thurmma01
Daniel Cabrera,BAL,2004-05-13 (1),8/21/04,0.6,117.2,9,6,20,0.6,4.67,119,12,59,60,519,183,47,0.4,1.01,cabreda01
Wei-Yin Chen,BAL,4/10/12,7/29/12,0.6,128.1,9,6,21,0.6,3.65,113,16,43,105,538,164,54,5.51,0.94,chenwe02
Kirk McCaskill,CAL,5/1/85,8/19/85,0.6,135,9,7,21,0.563,4.07,131,12,44,68,571,186,51,6.69,0.94,mccaski01
Joe Magrane,STL,4/25/87,9/4/87,0.6,133.1,7,6,21,0.538,3.71,129,6,50,79,572,195,52,5.86,1.06,magrajo01
George Kirby,SEA,5/8/22,9/10/22,0.6,111.2,7,3,21,0.7,2.98,113,12,14,115,461,136,55,8.62,0.9,kirbyge01
Mark Langston,SEA,4/7/84,7/17/84,0.6,126.1,8,7,19,0.533,3.49,107,9,61,103,538,177,54,4.46,1.07,langsma01
Don Robinson,PIT,4/10/78,7/22/78,0.6,124.1,5,4,18,0.556,3.62,117,11,32,80,518,158,53,0.28,1.05,robindo01
Kris Benson,PIT,4/9/99,8/8/99,0.5,134,10,8,21,0.556,4.37,126,10,58,92,569,194,50,1.54,0.99,bensokr01
Grayson Rodriguez,BAL,4/5/23,9/16/23,0.5,111.1,6,4,21,0.6,4.53,110,16,39,117,471,154,51,2.54,0.94,rodrigr01
Kazuhisa Ishii,LAD,4/6/02,7/30/02,0.5,123.1,12,7,21,0.632,3.87,108,13,84,117,548,205,52,-1.61,1.02,ishiika01
Noah Syndergaard,NYM,5/12/15,9/12/15,0.5,129.1,8,6,21,0.571,3.2,112,15,30,137,524,147,58,7.3,1,syndeno01
Rick Porcello,DET,4/9/09,8/11/09,0.5,112,10,7,21,0.588,4.34,119,17,38,57,475,163,48,2.57,0.95,porceri01
Freddy García,SEA,4/7/99,7/28/99,0.4,121.2,10,6,21,0.625,4.96,128,13,59,89,547,200,47,6.16,1.03,garcifr03
Scott Bankhead,KCR,5/25/86,9/5/86,0.4,115.2,8,8,17,0.5,4.36,115,13,32,88,489,153,49,1.92,0.95,bankhsc01
Greg Hibbard,CHW,5/31/89,9/18/89,0.4,128,5,7,21,0.417,3.09,129,4,36,52,535,180,52,8.83,1.04,hibbagr01
Jordan Montgomery,NYY,4/12/17,8/5/17,0.4,115.2,7,6,21,0.538,4.05,108,16,35,111,484,148,52,5.63,0.91,montgjo01
Geremi González,CHC,5/27/97,9/15/97,0.4,129.2,11,8,21,0.579,4.44,119,15,63,81,558,187,50,6.17,1.01,gonzaje01
Charles Hudson,PHI,5/31/83,9/5/83,0.4,138.1,7,7,21,0.5,3.51,137,12,40,85,575,181,53,3.61,0.96,hudsoch02
Greg Smith,OAK,4/9/08,7/29/08,0.4,127,5,10,21,0.333,4.04,108,15,56,84,530,171,52,9.29,0.94,smithgr02
René Arocha,STL,4/9/93,8/10/93,0.4,128,10,3,19,0.769,3.52,133,13,16,65,524,159,53,6.82,0.98,arochre01
Chase Anderson,ARI,5/11/14,9/19/14,0.4,114.1,9,7,21,0.563,4.01,117,16,40,105,486,160,51,-3.74,0.89,anderch01
Ron Romanick,CAL,4/5/84,7/20/84,0.3,152.2,9,9,21,0.5,3.77,150,13,42,56,640,201,52,5.91,1.01,romanro01
Clayton Kershaw,LAD,5/25/08,9/24/08,0.3,106.2,5,5,21,0.5,4.3,107,11,51,100,465,162,50,0.44,0.99,kershcl01
Joe Kelly,STL,6/10/12,9/25/12,0.3,103,5,7,16,0.417,3.58,110,9,35,73,442,153,49,-1.35,1.04,kellyjo05
Taylor Jungmann,MIL,6/9/15,10/1/15,0.3,119.1,9,8,21,0.529,3.77,106,11,47,107,501,164,53,1.85,1.03,jungmta01
Dennis Blair,MON,5/26/74,1974-09-18 (2),0.3,140,10,7,21,0.588,3.28,109,7,70,72,597,194,55,8.14,1.07,blairde01
Brad Penny,FLA,4/7/00,9/16/00,0.3,107.2,6,7,20,0.462,4.76,107,12,56,70,477,171,48,-2.8,1.04,pennybr01
Reese Olson,DET,6/2/23,9/26/23,0.3,103.2,5,7,18,0.417,3.99,83,14,33,103,422,124,52,7,0.87,olsonre01
Michael Mimbs,PHI,5/6/95,8/8/95,0.3,103.2,7,5,16,0.583,4.34,97,7,56,67,461,167,49,0.72,1.14,mimbsmi01
Jeff Weaver,DET,4/14/99,8/5/99,0.3,119.2,6,8,21,0.429,5.11,121,19,37,81,515,175,48,-2.28,1,weaveje01
Logan Allen,CLE,4/23/23,9/2/23,0.3,112.1,6,7,21,0.462,3.77,111,15,41,107,478,158,52,4.94,1.01,allenlo02
Bob Stanley,BOS,4/16/77,1977-07-21 (2),0.3,106.2,6,5,13,0.545,4.22,125,9,30,28,464,169,44,5.13,0.98,stanlbo01
Antonio Senzatela,COL,4/6/17,8/2/17,0.3,105.1,10,4,17,0.714,4.7,97,17,35,79,437,138,49,2.4,0.87,senzaan01
Ángel Miranda,MIL,6/5/93,9/29/93,0.3,119.2,4,5,17,0.444,3.23,99,12,51,88,499,159,56,11.95,1.03,miranan01
Jim Gott,TOR,4/9/82,1982-08-08 (1),0.2,104.2,3,7,16,0.3,4.04,102,12,44,69,458,155,49,1.3,0.93,gottji01
Brett Anderson,OAK,4/10/09,8/9/09,0.2,121.2,7,8,21,0.467,4.22,122,14,35,98,513,167,50,0.87,0.91,anderbr04
Kenshin Kawakami,ATL,4/11/09,8/8/09,0.2,118,5,9,21,0.357,4.12,112,14,49,84,511,170,50,-0.31,1.04,kawakke01
Vladimir Gutierrez,CIN,5/28/21,9/20/21,0.2,111.1,9,6,21,0.6,4.53,110,20,42,85,480,159,49,2.96,0.99,gutievl01
Eric Milton,MIN,4/5/98,7/29/98,0.2,122.1,6,7,21,0.462,4.63,126,18,43,69,529,176,48,2.9,0.97,miltoer01
Mike Maroth,DET,6/8/02,9/29/02,0.2,128.2,6,10,21,0.375,4.48,136,7,36,58,538,180,48,2.03,1.03,marotmi01
Merrill Kelly,ARI,4/1/19,7/23/19,0.2,119.1,7,10,21,0.412,4.22,120,19,31,96,502,154,51,0.49,0.88,kellyme01
Mark Gubicza,KCR,4/6/84,8/14/84,0.1,142,8,9,21,0.471,3.55,120,8,56,83,593,187,55,10.15,0.94,gubicma01
Masato Yoshii,NYM,4/5/98,7/31/98,0.1,123.2,4,6,21,0.4,3.78,115,18,41,84,520,169,52,7.51,0.98,yoshima01
Mike Leake,CIN,4/11/10,8/9/10,0.1,129.2,7,4,21,0.636,3.75,141,15,44,80,556,196,50,-0.74,0.96,leakemi01
Brandon Williamson,CIN,5/16/23,9/17/23,0.1,106.2,4,5,21,0.444,4.56,102,16,36,93,449,144,49,1.83,1.04,willibr02
Tony Saunders,FLA,4/5/97,9/24/97,0,105.1,4,6,20,0.4,4.27,91,10,62,94,456,162,51,0.28,1.14,saundto01
Claudio Vargas,MON,4/26/03,9/17/03,0,110.1,6,8,19,0.429,4.49,110,16,40,60,478,160,48,2.14,1,vargacl01
Travis Driskill,BAL,4/26/02,8/19/02,0,105.2,8,6,16,0.571,4.77,122,18,37,61,468,167,45,-2.63,0.95,drisktr01
Lary Sorensen,MIL,6/7/77,9/17/77,0,129.1,6,9,18,0.4,4.11,126,8,33,53,532,166,53,4.61,0.88,sorenla01
Sean Marshall,CHC,4/9/06,9/7/06,0,112.2,5,9,21,0.357,5.27,115,17,50,69,495,176,46,-5.15,1.01,marshse01
Pete Falcone,SFG,1975-04-13 (2),7/30/75,0,121.2,7,7,20,0.5,3.85,102,10,65,78,519,175,52,-0.53,1.09,falcope01
Hunter Greene,CIN,4/10/22,2022-09-17 (2),0,108.2,4,12,21,0.25,4.97,96,23,41,138,463,148,52,-2.67,0.99,greenhu01
Sean Manaea,OAK,4/29/16,8/29/16,0,120.2,5,9,20,0.357,4.4,120,19,32,104,505,164,51,-1.23,0.99,manaese01
Kyle Bradish,BAL,4/29/22,9/22/22,0,110.1,4,7,21,0.364,4.65,112,16,37,103,468,159,49,-6.54,0.94,bradiky01
Carlos Rodón,CHW,4/21/15,8/22/15,-0.1,106.2,5,5,18,0.5,4.22,106,9,58,114,473,174,51,-4.71,1.1,rodonca01
Roenis Elías,SEA,4/3/14,7/27/14,-0.1,123.1,8,8,21,0.5,4.31,112,14,45,110,518,167,52,-5.7,0.97,eliasro01
John Thomson,COL,5/11/97,8/27/97,-0.1,129.1,6,8,21,0.429,4.59,143,7,42,83,556,196,48,2.24,1.01,thomsjo01
Bret Saberhagen,KCR,4/4/84,7/20/84,-0.1,100.2,4,8,11,0.333,3.4,93,8,20,42,410,122,49,2.47,0.86,saberbr01
Ervin Santana,LAA,5/17/05,9/22/05,-0.2,121,10,8,21,0.556,4.69,125,17,45,86,531,181,48,-2.24,1.02,santaer01
Tyler Chatwood,LAA,4/11/11,8/6/11,-0.2,123,6,8,21,0.429,4.1,130,9,59,66,533,199,48,-6.3,0.97,chatwty01
Josh Towers,BAL,5/2/01,8/29/01,-0.2,122.2,8,8,17,0.5,4.11,140,18,13,48,508,165,49,6.33,0.93,towerjo01
Teddy Higuera,MIL,4/23/85,1985-08-04 (1),-0.2,121.1,8,6,19,0.571,4.9,108,13,37,78,507,153,49,-6.08,1.02,higuete01
Donovan Osborne,STL,4/9/92,7/28/92,-0.2,117.2,7,6,20,0.538,3.9,125,12,26,68,494,160,51,-9.06,1.02,osbordo01
Pat Underwood,DET,5/31/79,9/1/79,-0.2,108.1,6,4,15,0.6,4.98,119,15,27,71,460,149,49,-4.92,0.96,underpa01
Brian Meadows,FLA,4/4/98,7/23/98,-0.2,121,9,7,21,0.563,4.24,140,12,31,57,522,176,47,-3.52,0.97,meadobr01
Rick Matula,ATL,4/8/79,8/3/79,-0.2,127,6,8,21,0.429,3.83,143,10,46,53,552,204,48,-4.74,1.03,matulri01
Mitchell Parker,WSN,4/15/24,8/9/24,-0.2,112.2,6,6,21,0.5,3.83,106,14,29,92,468,139,52,-0.99,0.91,parkemi01
Andrew Suárez,SFG,4/11/18,8/14/18,-0.2,116.2,4,8,21,0.333,4.4,123,17,29,100,484,155,50,-4.41,0.96,suarean01
Paul Thormodsgard,MIN,1977-04-10 (2),1977-07-17 (1),-0.3,126,7,6,21,0.538,3.79,129,13,37,53,528,176,50,2.36,0.87,thormpa01
Hiroki Kuroda,LAD,4/4/08,8/2/08,-0.3,124,6,8,21,0.429,4.21,127,11,31,75,532,168,50,-4.06,1.02,kurodhi01
Chris Welsh,SDP,4/12/81,9/21/81,-0.3,120.1,6,6,18,0.5,3.44,115,8,40,50,494,163,52,2.95,0.97,welshch01
Logan Gilbert,SEA,5/13/21,9/13/21,-0.3,101.1,5,5,21,0.5,4.97,101,15,22,115,432,133,50,-4.48,0.91,gilbelo01
David Williams,PIT,6/6/01,9/29/01,-0.3,109.1,3,7,17,0.3,3.7,96,14,44,55,454,152,51,4.71,0.98,willida07
Dinelson Lamet,SDP,5/25/17,9/26/17,-0.3,114.1,7,8,21,0.467,4.57,88,18,54,139,485,153,53,-2.95,0.95,lametdi01
Yu Darvish,TEX,4/9/12,8/6/12,-0.3,134,11,8,21,0.579,4.57,121,12,74,154,598,210,52,-8.62,0.93,darviyu01
Dave Freisleben,SDP,4/26/74,7/31/74,-0.4,121.1,7,6,19,0.538,3.86,120,8,57,78,532,191,51,-1.37,1.09,freisda01
Spencer Arrighetti,HOU,4/10/24,8/10/24,-0.4,105,5,10,21,0.333,5.14,102,15,50,129,463,158,50,-8.81,0.94,arrigsp01
Bill Swift,SEA,6/7/85,9/18/85,-0.4,110.2,5,9,19,0.357,4.88,123,8,42,45,489,175,44,-10.08,1.01,swiftbi02
Roger Clemens,BOS,5/15/84,8/31/84,-0.4,133.1,9,4,20,0.692,4.32,146,13,29,126,575,182,52,2.44,0.87,clemero02
Seth Greisinger,DET,6/3/98,9/26/98,-0.4,130,6,9,21,0.4,5.12,142,17,48,66,562,198,45,-4.61,0.94,greisse01
Butch Henry,HOU,4/9/92,7/31/92,-0.4,119.1,3,7,21,0.3,4.37,136,9,35,69,524,177,48,-9.79,1.03,henrybu01
Jonathan Cannon,CHW,2024-04-17 (1),9/16/24,-0.4,113.1,4,10,19,0.286,4.61,118,17,36,81,480,161,48,-2.13,0.9,cannojo02
Trevor Richards,MIA,4/2/18,9/4/18,-0.4,102.2,3,8,21,0.273,4.73,100,12,49,105,450,154,49,-7.25,0.99,richatr01
Mike O'Connor,WSN,4/27/06,9/28/06,-0.4,105,3,8,20,0.273,4.8,96,15,45,59,455,151,48,-0.94,1.06,oconnmi01
Jake Irvin,WSN,5/3/23,9/1/23,-0.5,107.2,3,5,21,0.375,4.35,105,18,44,88,469,159,49,-1.84,0.96,irvinja01
Bob Walk,PHI,5/26/80,9/4/80,-0.5,121,10,4,21,0.714,4.76,132,5,58,72,540,193,47,-13.31,1.06,walkbo01
Gary Lucas,SDP,4/16/80,8/5/80,-0.6,113.1,4,7,18,0.364,3.81,115,6,30,56,474,152,51,-5.53,0.97,lucasga01
Micah Owings,ARI,4/6/07,8/7/07,-0.6,105.1,5,6,19,0.455,4.96,115,11,42,70,469,168,46,-3.58,1.05,owingmi01
John Danks,CHW,4/8/07,8/7/07,-0.6,118,6,9,21,0.4,4.96,128,22,45,91,518,179,47,-5.93,0.95,danksjo01
Joey Lucchesi,SDP,3/30/18,8/29/18,-0.6,105.1,7,7,21,0.5,3.59,98,16,37,114,443,143,53,-0.28,0.9,lucchjo01
Charlie Lea,MON,6/12/80,10/5/80,-0.6,104,7,5,19,0.583,3.72,103,5,55,56,458,164,49,-5.4,1.11,leach01
Jim Abbott,CAL,4/8/89,8/12/89,-0.7,127,10,8,21,0.556,3.76,133,8,51,83,552,197,50,-5.29,1.02,abbotji01
Ben Sheets,MIL,4/5/01,8/5/01,-0.7,129.2,10,9,21,0.526,4.79,137,19,45,84,559,191,48,-8.79,0.9,sheetbe01
James Shields,TBD,5/31/06,9/22/06,-0.7,124.2,6,8,21,0.429,4.84,141,18,38,104,540,187,48,-2.05,1.09,shielja02
Rocky Coppinger,BAL,6/11/96,9/15/96,-0.7,109.2,8,6,20,0.571,5.74,117,25,56,91,490,176,45,-6.56,0.97,coppiro01
Williams Pérez,ATL,5/8/15,9/18/15,-0.7,104.2,6,6,18,0.5,5.16,117,12,47,68,464,174,46,-10.13,1.01,perezwi01
David Hess,BAL,2018-05-12 (1),9/28/18,-0.7,103.1,3,10,19,0.231,4.88,106,22,37,74,454,156,47,-11.29,0.94,hessda01
Adam Loewen,BAL,5/23/06,9/24/06,-0.7,107,6,6,18,0.5,5.3,108,7,57,93,480,177,48,-5.99,1.02,loewead01
Jeff Robinson,SFG,4/7/84,7/25/84,-0.7,115.1,6,11,21,0.353,4.21,120,9,34,74,496,168,50,-9.15,0.99,robinje01
Jerry Garvin,TOR,4/10/77,7/22/77,-0.7,155.1,7,10,21,0.412,4,158,20,59,78,667,227,51,-0.87,1.09,garvije01
Carlton Loewer,PHI,6/14/98,1998-09-27 (2),-0.8,122.2,7,8,21,0.467,6.09,154,18,39,58,549,201,41,-21.08,0.94,loeweca01
Zack Britton,BAL,4/3/11,8/22/11,-0.8,115,7,9,21,0.438,4.54,128,9,44,72,502,179,47,-11.27,1,brittza01
Matt Chico,WSN,4/4/07,7/25/07,-0.8,113,4,6,21,0.4,4.78,123,18,48,61,503,183,46,-7.5,1,chicoma01
Rob Bell,CIN,4/8/00,8/27/00,-0.8,111,5,7,21,0.417,4.95,105,26,62,91,494,171,48,-7.52,1.01,bellro01
Trevor Cahill,OAK,4/7/09,7/27/09,-0.8,115,6,9,21,0.4,4.77,122,21,49,56,503,181,46,-5.91,0.93,cahiltr01
Pete Redfern,MIN,1976-05-15 (2),9/17/76,-0.8,102,6,8,21,0.429,3.97,98,5,60,66,451,163,48,-12.12,1,redfepe01
Jesse Foppert,SFG,4/14/03,8/8/03,-0.9,101,8,8,19,0.5,5.08,92,14,63,97,454,162,48,-9.06,0.97,foppeje01
Bob Shirley,SDP,4/10/77,7/17/77,-0.9,119.2,6,11,21,0.353,3.69,127,14,54,79,538,197,49,-8.8,0.99,shirlbo01
Eric Lauer,SDP,4/24/18,9/15/18,-0.9,100.2,5,7,21,0.417,4.74,116,14,43,89,456,171,47,-13.9,0.98,lauerer01
Derek Lilliquist,ATL,4/13/89,7/25/89,-0.9,104.1,5,6,19,0.455,3.88,125,11,25,45,455,157,47,-8.35,1.03,lillide01
Randy Wolf,PHI,6/11/99,9/28/99,-0.9,117.2,6,9,20,0.4,5.35,120,18,64,114,533,191,48,-7.95,1.01,wolfra02
Carl Pavano,MON,5/23/98,9/11/98,-0.9,119.2,5,8,21,0.385,4.36,118,17,41,76,520,177,49,-3.2,1.1,pavanca01
Jim Parque,CHW,5/26/98,9/23/98,-0.9,113,7,5,21,0.583,5.1,135,14,49,77,507,196,44,-10.67,1.04,parquji01
Mark Mulder,OAK,4/18/00,8/10/00,-1,122,6,8,21,0.429,5.53,153,19,53,68,561,220,41,-13.56,0.91,muldema01
Taylor Buchholz,HOU,4/7/06,9/11/06,-1,112,6,10,19,0.375,5.95,107,21,34,77,476,152,46,-15.96,0.92,buchhta01
David Huff,CLE,5/17/09,9/12/09,-1.1,114.1,10,7,21,0.588,6.14,147,16,37,57,519,189,41,-14.4,1.01,huffda01
Jim Beattie,NYY,4/25/78,9/8/78,-1.1,104.2,4,7,18,0.364,3.7,105,8,41,51,455,157,49,-6.31,0.87,beattji01
Shawn Chacón,COL,4/29/01,8/22/01,-1.1,123.2,6,8,21,0.429,5.53,123,23,68,110,551,204,47,-10.56,0.93,chacosh01
Mike Witt,CAL,4/11/81,9/28/81,-1.1,120,7,9,20,0.438,3.38,113,9,44,70,515,174,52,-6.46,1.02,wittmi01
Mike Moore,SEA,1982-04-11 (2),8/20/82,-1.1,109.1,6,10,20,0.375,5.35,115,15,64,56,495,189,44,-12.21,0.92,mooremi01
Patrick Corbin,ARI,4/30/12,9/27/12,-1.1,100,6,8,16,0.429,4.77,111,14,24,80,427,142,47,-6.67,0.82,corbipa01
Eric Plunk,OAK,5/12/86,9/5/86,-1.1,107,4,7,15,0.364,5.47,82,14,88,82,475,175,48,-9.45,1.07,plunker01
Roger Erickson,MIN,4/6/78,1978-07-16 (2),-1.2,136.2,9,6,21,0.6,4.87,157,9,46,65,601,215,46,-12.63,0.89,erickro01
Johnny Cueto,CIN,4/3/08,7/22/08,-1.2,123,7,9,21,0.438,4.9,121,22,46,113,534,177,50,-8.25,0.91,cuetojo01
Esteban Loaiza,PIT,4/29/95,8/2/95,-1.2,110.1,6,5,20,0.545,5.3,128,14,31,54,478,168,44,-17.18,0.95,loaizes01
Glendon Rusch,KCR,4/6/97,8/4/97,-1.2,114.1,3,8,18,0.273,6.06,148,18,35,76,516,190,42,-13.89,0.91,ruschgl01
Brad Radke,MIN,4/29/95,8/13/95,-1.2,125.1,8,11,20,0.421,5.46,146,23,30,54,543,182,45,-10.22,0.92,radkebr01
Frank Viola,MIN,6/6/82,1982-09-28 (1),-1.2,120,4,9,21,0.308,5.25,142,21,37,79,516,184,45,-9.67,1.01,violafr01
Chris Reitsma,CIN,4/4/01,7/22/01,-1.3,126,4,10,21,0.286,4.71,146,13,36,62,556,191,46,-7.48,0.99,reitsch01
Enrique González,ARI,5/28/06,9/28/06,-1.3,105.1,3,7,18,0.3,5.72,112,14,34,65,457,155,44,-12.12,0.96,gonzaen01